Key,en,es,fr,pt,de,af,zu,st
"back","Back","","","","","","",""
"ok","OK","","","","","","",""
"cancel","Cancel","","","","","","",""
"save","Save","","","","","","",""
"app.name","EduDash","","","","","","",""
"app.tagline","Empowering Education Through AI","","","","","","",""
"app.version","1.0.0","","","","","","",""
"common.all","All","","","","","","",""
"common.last_7_days","Last 7 days","","","","","","",""
"common.last_30_days","Last 30 days","","","","","","",""
"common.all_time","All time","","","","","","",""
"common.custom_range","Custom range","","","","","","",""
"common.start_date","Start date","","","","","","",""
"common.end_date","End date","","","","","","",""
"common.apply","Apply","","","","","","",""
"common.viewAll","View All","","","","","","",""
"common.ageYears","{{age}} years old","","","","","","",""
"common.ageUnknown","Age unknown","","","","","","",""
"common.noClass","No class assigned","","","","","","",""
"common.connectionError","Connection error. Please check your internet.","","","","","","",""
"common.loading","Loading...","","","","","","",""
"common.error","Error","","","","","","",""
"common.success","Success","","","","","","",""
"common.cancel","Cancel","","","","","","",""
"common.optional","Optional","","","","","","",""
"common.add","Add","","","","","","",""
"common.record","Record","","","","","","",""
"common.uploading","Uploading...","","","","","","",""
"common.important","Important","","","","","","",""
"common.not_allowed","Not allowed","","","","","","",""
"common.info","Information","","","","","","",""
"common.confirm","Are you sure?","","","","","","",""
"common.yes","Yes","","","","","","",""
"common.no","No","","","","","","",""
"common.ok","OK","","","","","","",""
"common.close","Close","","","","","","",""
"common.retry","Retry","","","","","","",""
"common.refresh","Refresh","","","","","","",""
"common.upgrade","Upgrade","","","","","","",""
"common.save","Save","","","","","","",""
"common.submit","Submit","","","","","","",""
"common.continue","Continue","","","","","","",""
"common.back","Back","","","","","","",""
"common.next","Next","","","","","","",""
"common.done","Done","","","","","","",""
"common.school_stats_today","üìä School Stats Today","","","","","","",""
"common.school_stats_content","Current Status:

üë• Students Present: {{studentsPresent}}/{{totalStudents}} ({{studentsPercentage}}%)
üë®‚Äçüè´ Teachers Present: {{teachersPresent}}/{{totalTeachers}} ({{teachersPercentage}}%)
üìö Active Classes: {{activeClasses}}
üçΩÔ∏è Lunch Orders: {{lunchOrders}}
üöå Bus Routes: All on time

Last updated: {{lastUpdated}}","","","","","","",""
"common.view_details","View Details","","","","","","",""
"common.quick_settings_content","üîß Quick Settings","","","","","","",""
"common.quick_settings_description","Fast access to frequently used settings:

‚öôÔ∏è School Profile
üìã Class Schedules
üé® Theme Settings
üîî Notification Preferences
üíæ Backup & Sync","","","","","","",""
"common.whatsapp_connected","WhatsApp Connected!","","","","","","",""
"common.whatsapp_updates_enabled","You can now receive school updates via WhatsApp.","","","","","","",""
"common.menu","Menu","","","","","","",""
"common.my_profile","My Profile","","","","","","",""
"common.account_settings_subtitle","Account settings, profile picture & biometrics","","","","","","",""
"common.school_settings_modal_subtitle","Configure school preferences & policies","","","","","","",""
"common.classes","classes","","","","","","",""
"common.students","students","","","","","","",""
"common.email","Email","","","","","","",""
"common.status","Status","","","","","","",""
"common.go_now","Go now","","","","","","",""
"navigation.dashboard","Dashboard","","","","","","",""
"navigation.profile","Profile","","","","","","",""
"navigation.settings","Settings","","","","","","",""
"navigation.account","Account","","","","","","",""
"navigation.logout","Sign Out","","","","","","",""
"navigation.back","Back","","","","","","",""
"navigation.next","Next","","","","","","",""
"navigation.cancel","Cancel","","","","","","",""
"navigation.save","Save","","","","","","",""
"navigation.edit","Edit","","","","","","",""
"navigation.delete","Delete","","","","","","",""
"navigation.add","Add","","","","","","",""
"navigation.search","Search","","","","","","",""
"navigation.retry","Retry","","","","","","",""
"navigation.close","Close","","","","","","",""
"navigation.switch_account","Switch account","","","","","","",""
"auth.signIn","Sign In","","","","","","",""
"auth.signUp","Sign Up","","","","","","",""
"auth.signOut","Sign Out","","","","","","",""
"auth.forgotPassword","Forgot Password","","","","","","",""
"auth.resetPassword","Reset Password","","","","","","",""
"auth.email","Email","","","","","","",""
"auth.password","Password","","","","","","",""
"auth.confirmPassword","Confirm Password","","","","","","",""
"auth.firstName","First Name","","","","","","",""
"auth.lastName","Last Name","","","","","","",""
"auth.loading","Loading...","","","","","","",""
"auth.signingIn","Signing in...","","","","","","",""
"auth.signingUp","Creating account...","","","","","","",""
"auth.invalidCredentials","Invalid email or password","","","","","","",""
"auth.accountCreated","Account created successfully","","","","","","",""
"auth.passwordResetSent","Password reset link sent to your email","","","","","","",""
"auth.remember_me","Remember me","","","","","","",""
"auth.dont_have_account","Don't have an account?","","","","","","",""
"auth.sign_in.enter_email_password","Please enter email and password","","","","","","",""
"auth.sign_in.failed","Sign In Failed","","","","","","",""
"auth.sign_in.signing_in","Signing In...","","","","","","",""
"auth.sign_in.cta","Sign In","","","","","","",""
"auth.sign_in.no_saved_credentials","No saved credentials found. Please sign in with your password.","","","","","","",""
"auth.biometric.prompt","Sign in to EduDash Pro","","","","","","",""
"auth.biometric.use_face_id","Use Face ID","","","","","","",""
"auth.biometric.use_fingerprint","Use Fingerprint","","","","","","",""
"auth.biometric.use_biometric","Use Biometric","","","","","","",""
"auth.biometric.enabled_for","Biometric login enabled","","","","","","",""
"auth.biometric.authenticating","Authenticating","","","","","","",""
"auth.biometric.authenticating_face","Authenticating with Face ID","","","","","","",""
"auth.biometric.authenticating_fingerprint","Authenticating with Fingerprint","","","","","","",""
"auth.biometric.please_verify","Please verify your identity","","","","","","",""
"auth.biometric_not_available.title","Biometric Not Available","","","","","","",""
"auth.biometric_not_available.desc","Please use your password to sign in.","","","","","","",""
"auth.biometric_failed.title","Authentication Failed","","","","","","",""
"auth.biometric_failed.desc","Biometric authentication failed","","","","","","",""
"auth.biometric_failed.unexpected","An error occurred during biometric authentication","","","","","","",""
"auth.oauth.failed_start","Failed to start social login","","","","","","",""
"auth.oauth.config_error","OAuth configuration error. Please contact support.","","","","","","",""
"auth.oauth.unavailable","Sign-in Unavailable","","","","","","",""
"auth.oauth.error","Sign-in Error","","","","","","",""
"auth.sign_up_parent","Sign up as Parent","","","","","","",""
"auth.sign_up_teacher","Sign up as Teacher","","","","","","",""
"auth.school_register_q","Looking to register a school?","","","","","","",""
"roles.parent","Parent","","","","","","",""
"roles.teacher","Teacher","","","","","","",""
"roles.principal","Principal","","","","","","",""
"roles.admin","Administrator","","","","","","",""
"roles.superAdmin","Super Admin","","","","","","",""
"admin.header.title","üéõÔ∏è Admin Dashboard","","","","","","",""
"admin.header.subtitle","Real-time school management","","","","","","",""
"admin.stats.total_users","Total Users","","","","","","",""
"admin.stats.active_today","Active Today","","","","","","",""
"admin.stats.pending_invites","Pending Invites","","","","","","",""
"admin.stats.security_alerts","Security Alerts","","","","","","",""
"admin.user_management.title","üë• User Management","","","","","","",""
"admin.pending_invitations","üì§ Pending Invitations","","","","","","",""
"admin.resend","üì§ Resend","","","","","","",""
"admin.cancel","‚ùå Cancel","","","","","","",""
"admin.recent_activity","üìä Recent Activity","","","","","","",""
"admin.quick_actions","‚ö° Quick Actions","","","","","","",""
"admin.security_settings_title","üîê Security Settings","","","","","","",""
"admin.security_settings_label","Security Settings","","","","","","",""
"admin.opening_security","Opening security management...","","","","","","",""
"admin.view_analytics","View Analytics","","","","","","",""
"admin.analytics_title","üìä Analytics","","","","","","",""
"admin.opening_analytics","Opening analytics dashboard...","","","","","","",""
"admin.backup_title","üíæ Backup","","","","","","",""
"admin.starting_backup","Starting system backup...","","","","","","",""
"admin.system_backup_label","System Backup","","","","","","",""
"admin.data_refreshed_title","‚úÖ Data Refreshed","","","","","","",""
"admin.data_refreshed_desc","Dashboard data has been updated with the latest information.","","","","","","",""
"admin.user_action_title","{{action}} User","","","","","","",""
"admin.user_action_confirm","Are you sure you want to {{action}} this user?","","","","","","",""
"admin.action_completed_title","‚úÖ Action Completed","","","","","","",""
"admin.action_completed_desc","User has been {{action}} successfully.","","","","","","",""
"admin.invitation_resent_title","üì§ Invitation Resent","","","","","","",""
"admin.invitation_resent_desc","The invitation has been sent again to the user.","","","","","","",""
"admin.invitation_cancelled_title","‚ùå Invitation Cancelled","","","","","","",""
"admin.invitation_cancelled_desc","The invitation has been cancelled.","","","","","","",""
"admin.last_seen","Last seen","","","","","","",""
"admin.sent","Sent","","","","","","",""
"not_found.title","Route Not Found","","","","","","",""
"not_found.subtitle","The requested page doesn't exist in the app.","","","","","","",""
"not_found.go_to_dashboard","Go to Dashboard","","","","","","",""
"not_found.go_to_home","Go to Home","","","","","","",""
"not_found.debug.title","Debug Information","","","","","","",""
"not_found.debug.path","Path","","","","","","",""
"not_found.debug.user_role","User Role","","","","","","",""
"not_found.debug.authenticated","Authenticated","","","","","","",""
"not_found.debug.can_go_back","Can Go Back","","","","","","",""
"not_found.debug.segments","Segments","","","","","","",""
"not_found.debug.timestamp","Timestamp","","","","","","",""
"time.just_now","Just now","","","","","","",""
"time.minutes_short_ago","{{count}}m ago","","","","","","",""
"time.hours_short_ago","{{count}}h ago","","","","","","",""
"time.days_short_ago","{{count}}d ago","","","","","","",""
"marketing.pricing.back_to_home","Back to Home","","","","","","",""
"pricing.load_error","Unable to load pricing information. Please try again later.","","","","","","",""
"pricing.loading","Loading pricing plans...","","","","","","",""
"pricing.unable_title","Unable to Load Pricing","","","","","","",""
"pricing.cta.contact_sales","Contact Sales","","","","","","",""
"pricing.cta.start_free","Start Free","","","","","","",""
"pricing.cta.choose_named","Choose {{name}}","","","","","","",""
"pricing.tier.free.desc","Perfect for small preschools getting started","","","","","","",""
"pricing.tier.starter.desc","Essential features for growing schools","","","","","","",""
"pricing.tier.basic.desc","Comprehensive tools for active schools","","","","","","",""
"pricing.tier.premium.desc","Professional features for established schools","","","","","","",""
"pricing.tier.pro.desc","Advanced solution for large schools","","","","","","",""
"pricing.tier.enterprise.desc","Complete solution for large organizations","","","","","","",""
"pricing.subtitle_marketing","Flexible pricing for schools of all sizes. Start free and scale as you grow.","","","","","","",""
"pricing.plans_title","Plans & Pricing","","","","","","",""
"pricing.subtitle_app","Flexible options for individuals, preschools and schools. AI usage includes monthly quotas. Overages require prepayment.","","","","","","",""
"pricing.back_to_pricing","Back to Pricing","","","","","","",""
"pricing.free_ribbon","You are on the Free plan","","","","","","",""
"pricing.restricted_principal_only","Only principals or school admins can request Preschool Pro.","","","","","","",""
"pricing.restricted_enterprise_only","Only principals or school admins can request Enterprise.","","","","","","",""
"pricing.restricted_submit_only","Only principals or school admins can submit these requests.","","","","","","",""
"pricing.enterprise_subtitle","Our enterprise solutions are designed for large school districts, government education departments, and multi-national education providers.","","","","","","",""
"pricing.enterprise.features.multi_tenant","Multi-tenant architecture","","","","","","",""
"pricing.enterprise.features.advanced_security","Advanced security & compliance","","","","","","",""
"pricing.enterprise.features.custom_integrations","Custom integrations & APIs","","","","","","",""
"pricing.enterprise.features.dedicated_support","Dedicated support team","","","","","","",""
"pricing.notes.title","Notes","","","","","","",""
"pricing.notes.quota","AI quotas are monthly and reset at the start of each month.","","","","","","",""
"pricing.notes.overages","Overages require prepayment; once paid, access resumes immediately.","","","","","","",""
"pricing.notes.model_selection","Model selection affects cost; Opus > Sonnet > Haiku. We recommend Haiku for most classroom use.","","","","","","",""
"pricing.notes.enterprise_contact","For K-12 Enterprise pricing, contact sales. We tailor seat counts and AI usage pools to your school size and needs.","","","","","","",""
"pricing.faq.q1","Can I upgrade or downgrade my plan anytime?","","","","","","",""
"pricing.faq.a1","Yes! You can change your plan at any time. Upgrades take effect immediately, and downgrades take effect at the start of your next billing cycle.","","","","","","",""
"pricing.faq.q2","Is there a setup fee?","","","","","","",""
"pricing.faq.a2","No setup fees for Starter and Professional plans. Enterprise plans may include implementation services.","","","","","","",""
"pricing.faq.q3","What payment methods do you accept?","","","","","","",""
"pricing.faq.a3","We accept all major credit cards, PayFast, and bank transfers for South African customers.","","","","","","",""
"dashboard.parentDashboard","Parent Dashboard","","","","","","",""
"dashboard.accessDenied","Access Denied","","","","","","",""
"dashboard.mobileAppAccessRequired","Mobile app access is required to use this feature. Please contact your administrator.","","","","","","",""
"dashboard.parentRoleRequired","Parent role is required to access this dashboard.","","","","","","",""
"dashboard.roleAccessRequired","The correct role is required to access this feature.","","","","","","",""
"dashboard.profileSetupRequired","Your account profile needs to be set up. Please complete your profile setup.","","","","","","",""
"dashboard.goToAccount","Go to Account","","","","","","",""
"dashboard.setupProfile","Setup Profile","","","","","","",""
"dashboard.noChildren","No linked children yet","","","","","","",""
"dashboard.noChildrenDescription","When your school links your account to a child, they will appear here.","","","","","","",""
"dashboard.welcome","Welcome back, {{name}}!","","","","","","",""
"dashboard.quickActions","Quick Actions","","","","","","",""
"dashboard.recentActivity","Recent Activity","","","","","","",""
"dashboard.statistics","Statistics","","","","","","",""
"dashboard.notifications","Notifications","","","","","","",""
"dashboard.noActivity","No recent activity","","","","","","",""
"dashboard.loading","Loading dashboard...","","","","","","",""
"dashboard.connectionError","Connection error. Please check your internet connection.","","","","","","",""
"dashboard.loadError","Unable to load data. Please try again.","","","","","","",""
"dashboard.error_title","Unable to load dashboard","","","","","","",""
"dashboard.retry_button","Try Again","","","","","","",""
"dashboard.good_morning","üåÖ Good morning","","","","","","",""
"dashboard.good_afternoon","‚òÄÔ∏è Good afternoon","","","","","","",""
"dashboard.good_evening","üåô Good evening","","","","","","",""
"dashboard.managing_school","Managing {{schoolName}}","","","","","","",""
"dashboard.teaching_at_school","Teaching at {{schoolName}}","","","","","","",""
"dashboard.school_overview","School Overview","","","","","","",""
"dashboard.principal_tools","Principal Tools","","","","","","",""
"dashboard.todays_overview","üìä Today's Overview","","","","","","",""
"dashboard.quick_actions_section","‚ö° Quick Actions","","","","","","",""
"dashboard.ai_teaching_tools","ü§ñ AI Teaching Tools","","","","","","",""
"dashboard.my_classes","üìö My Classes","","","","","","",""
"dashboard.recent_assignments","üìù Recent Homework Assignments","","","","","","",""
"dashboard.upcoming_events","üìÖ Upcoming Events","","","","","","",""
"dashboard.live_activity_feed","Live Activity Feed","","","","","","",""
"dashboard.no_school_assigned","No School Assigned","","","","","","",""
"dashboard.no_data_available","No school data available","","","","","","",""
"dashboard.principal","Principal","","","","","","",""
"dashboard.teacher","Teacher","","","","","","",""
"dashboard.school_insights","School Insights","","","","","","",""
"dashboard.financial_management","Financial Management","","","","","","",""
"dashboard.ai_analytics","AI & Analytics","","","","","","",""
"dashboard.teaching_staff","Teaching Staff","","","","","","",""
"dashboard.school_capacity","School Capacity","","","","","","",""
"dashboard.students_enrolled","Students Enrolled","","","","","","",""
"dashboard.budget_management","Budget Management","","","","","","",""
"dashboard.petty_cash_system","Petty Cash System","","","","","","",""
"dashboard.financial_reports","Financial Reports","","","","","","",""
"dashboard.ai_co_principal","AI Co-Principal","","","","","","",""
"dashboard.ai_content_creation","AI Content Creation","","","","","","",""
"dashboard.advanced_analytics","Advanced Analytics","","","","","","",""
"dashboard.announcements","Announcements","","","","","","",""
"dashboard.principal_hub","Principal Hub","","","","","","",""
"dashboard.aiHelpUsed","Used AI homework help {{count}} times this month","","","","","","",""
"dashboard.upgradeLimitReached","Upgrade for unlimited access","","","","","","",""
"dashboard.managingChildren","Managing {{count}} child","","","","","","",""
"dashboard.managingChildrenPlural","Managing {{count}} children","","","","","","",""
"dashboard.syncStatus","Synced","","","","","","",""
"dashboard.whatsapp_not_connected","Not Connected","","","","","","",""
"dashboard.tierFree","Free","","","","","","",""
"dashboard.tierPro","Pro","","","","","","",""
"dashboard.tierEnterprise","Enterprise","","","","","","",""
"dashboard.tierLabel","{{tier}} Tier","","","","","","",""
"dashboard.upgradeHint","Upgrade for more ‚ú®","","","","","","",""
"dashboard.usageLimits","Usage Limits","","","","","","",""
"dashboard.upgrade_to_premium_title","üéÜ Upgrade to Premium","","","","","","",""
"dashboard.upgrade_to_premium_description","Unlock powerful features for your school:

‚Ä¢ Advanced Analytics & Dashboards
‚Ä¢ AI-Powered Insights & Recommendations
‚Ä¢ Custom Reports & Forecasting
‚Ä¢ Real-time Financial Tracking
‚Ä¢ Smart Performance Analytics

Transform your school management today!","","","","","","",""
"dashboard.learn_more","Learn More","","","","","","",""
"dashboard.upgrade_now","Upgrade Now üöÄ","","","","","","",""
"dashboard.later","Later","","","","","","",""
"dashboard.whatsapp_not_configured","School WhatsApp number not configured. Please contact support at support@edudashpro.org.za","","","","","","",""
"dashboard.announcement_send_error","Unable to send announcement. Please try again.","","","","","","",""
"dashboard.announcement_send_success","üì¢ Announcement Sent!","","","","","","",""
"dashboard.announcement_send_details","""{{title}}"" has been sent to {{audience}} ({{count}} groups).

Priority: {{priority}}{{requiresResponse}}","","","","","","",""
"dashboard.response_required","
‚ö†Ô∏è Response required","","","","","","",""
"dashboard.view_messages","View Messages","","","","","","",""
"dashboard.announcement_failed","Failed to send announcement: {{error}}","","","","","","",""
"dashboard.announcement_unexpected_error","An unexpected error occurred while sending the announcement.","","","","","","",""
"dashboard.general","General","","","","","","",""
"dashboard.no_teachers_assigned","No teachers assigned yet","","","","","","",""
"dashboard.add_teachers","Add Teachers","","","","","","",""
"dashboard.financial_overview","Financial Overview","","","","","","",""
"dashboard.monthly_revenue","Monthly Revenue","","","","","","",""
"dashboard.net_profit","Net Profit","","","","","","",""
"dashboard.petty_cash_balance","Petty Cash Balance","","","","","","",""
"dashboard.monthly_expenses","Monthly Expenses","","","","","","",""
"dashboard.details","Details","","","","","","",""
"dashboard.ai_insights","AI Insights","","","","","","",""
"dashboard.smart_analytics_recommendations","Smart analytics & recommendations","","","","","","",""
"dashboard.ai_insights_smart_analytics","AI Insights","","","","","","",""
"dashboard.smart_analytics_description","Smart analytics & recommendations","","","","","","",""
"dashboard.upgrade","Upgrade","","","","","","",""
"dashboard.need_help","Need Help?","","","","","","",""
"dashboard.ai_upgrade_required_title","Upgrade Required","","","","","","",""
"dashboard.ai_upgrade_required_message","Your plan does not include this AI feature or your seat is not active.","","","","","","",""
"dashboard.ai_upgrade_required_cta","Upgrade to use","","","","","","",""
"dashboard.ai_tools_enabled","AI tools available","","","","","","",""
"dashboard.ai_tools_disabled","AI tools disabled","","","","","","",""
"dashboard.ai_tools_info","AI runs on a secure server. Access and usage are limited by your plan or trial.","","","","","","",""
"dashboard.ai_upgrade_nudge","Unlock AI tools with Basic, Premium or Pro.","","","","","","",""
"dashboard.unlock_features","Unlock more features","","","","","","",""
"dashboard.see_plans","See plans","","","","","","",""
"dashboard.load_error","Unable to load data. Please try again.","","","","","","",""
"dashboard.contact_support_whatsapp","Contact support via WhatsApp ‚Ä¢ Get instant help","","","","","","",""
"dashboard.payment_history","Payment History","","","","","","",""
"dashboard.payment_history_subtitle","Browse, filter & export payment records","","","","","","",""
"dashboard.financial_overview_subtitle","View revenue, expenses & cash flow trends","","","","","","",""
"dashboard.financial_reports_subtitle","Generate detailed financial analysis","","","","","","",""
"dashboard.petty_cash_subtitle","Manage daily expenses & cash on hand","","","","","","",""
"dashboard.class_teacher_management","Class & Teacher Management","","","","","","",""
"dashboard.class_teacher_management_subtitle","Assign teachers, manage classes & ratios","","","","","","",""
"dashboard.loading_profile","Loading profile...","","","","","","",""
"dashboard.no_school_found_redirect","No school found. Redirecting to onboarding‚Ä¶","","","","","","",""
"dashboard.principal_hub_load_error","Unable to Load Principal Hub","","","","","","",""
"dashboard.your_school","your school","","","","","","",""
"dashboard.unlock_premium_subtitle","Advanced analytics, AI insights & more ‚Ä¢ Transform your school today!","","","","","","",""
"dashboard.capacity_students","{{current}} / {{capacity}} students","","","","","","",""
"dashboard.utilized_percentage","{{percentage}}% utilized","","","","","","",""
"dashboard.pending_approvals","Pending Approvals","","","","","","",""
"dashboard.requiring_approval","Requiring approval","","","","","","",""
"dashboard.vs_last_month","vs last month","","","","","","",""
"dashboard.this_month","this month","","","","","","",""
"dashboard.no_school_assigned_text","No School Assigned","","","","","","",""
"dashboard.general_expenses","General Expenses","","","","","","",""
"dashboard.no_description","No description","","","","","","",""
"dashboard.invalid_phone_number","Invalid Phone Number","","","","","","",""
"dashboard.enter_valid_phone","Please enter a valid South African mobile number","","","","","","",""
"dashboard.announcement.create_announcement","Create Announcement","","","","","","",""
"dashboard.announcement.title","Title","","","","","","",""
"dashboard.announcement.message","Message","","","","","","",""
"dashboard.announcement.send_to","Send To","","","","","","",""
"dashboard.announcement.priority_level","Priority Level","","","","","","",""
"dashboard.announcement.options","Options","","","","","","",""
"dashboard.announcement.preview","Preview","","","","","","",""
"dashboard.announcement.send","Send","","","","","","",""
"dashboard.announcement.teachers","Teachers","","","","","","",""
"dashboard.announcement.parents","Parents","","","","","","",""
"dashboard.announcement.students","Students","","","","","","",""
"dashboard.announcement.admin_staff","Admin Staff","","","","","","",""
"dashboard.announcement.low","Low","","","","","","",""
"dashboard.announcement.normal","Normal","","","","","","",""
"dashboard.announcement.high","High","","","","","","",""
"dashboard.announcement.urgent","Urgent","","","","","","",""
"dashboard.announcement.requires_response","Requires Response","","","","","","",""
"dashboard.announcement.schedule_for_later","Schedule for Later","","","","","","",""
"dashboard.announcement.recipients_count","{{count}} recipients","","","","","","",""
"dashboard.announcement.enter_title","Enter announcement title...","","","","","","",""
"dashboard.announcement.write_message","Write your announcement message here...","","","","","","",""
"dashboard.announcement.characters_count","{{count}}/1000 characters","","","","","","",""
"dashboard.announcement.missing_information","Missing Information","","","","","","",""
"dashboard.announcement.provide_title_message","Please provide both title and message","","","","","","",""
"dashboard.announcement.no_audience","No Audience","","","","","","",""
"dashboard.announcement.select_audience","Please select at least one audience","","","","","","",""
"dashboard.announcement.recipients_acknowledge","Recipients must acknowledge this announcement","","","","","","",""
"dashboard.announcement.send_specific_time","Send at a specific date and time","","","","","","",""
"dashboard.announcement.announcement_title_placeholder","Announcement Title","","","","","","",""
"dashboard.announcement.message_placeholder","Your announcement message will appear here...","","","","","","",""
"dashboard.announcement.sent_to","Sent to: {{audience}}","","","","","","",""
"dashboard.announcement.no_audience_selected","No audience selected","","","","","","",""
"dashboard.petty_cash.petty_cash","Petty Cash","","","","","","",""
"dashboard.petty_cash.current_balance","Current Balance","","","","","","",""
"dashboard.petty_cash.quick_actions","Quick Actions","","","","","","",""
"dashboard.petty_cash.add_expense","Add Expense","","","","","","",""
"dashboard.petty_cash.replenish_cash","Replenish Cash","","","","","","",""
"dashboard.petty_cash.withdraw_cash","Withdraw Cash","","","","","","",""
"dashboard.petty_cash.reconcile","Reconcile","","","","","","",""
"dashboard.petty_cash.recent_transactions","Recent Transactions","","","","","","",""
"dashboard.petty_cash.view_all","View All","","","","","","",""
"dashboard.petty_cash.total_expenses","Total Expenses","","","","","","",""
"dashboard.petty_cash.total_replenishments","Total Replenishments","","","","","","",""
"dashboard.petty_cash.pending_approval","Pending Approval","","","","","","",""
"dashboard.petty_cash.no_transactions_yet","No Transactions Yet","","","","","","",""
"dashboard.petty_cash.add_first_expense","Add your first expense or replenishment","","","","","","",""
"dashboard.petty_cash.monthly_overview","Monthly Overview","","","","","","",""
"dashboard.petty_cash.balance","Balance","","","","","","",""
"dashboard.petty_cash.amount","Amount","","","","","","",""
"dashboard.petty_cash.description","Description","","","","","","",""
"dashboard.petty_cash.category","Category","","","","","","",""
"dashboard.petty_cash.receipt_number","Receipt Number","","","","","","",""
"dashboard.petty_cash.select_category","Select Category","","","","","","",""
"dashboard.petty_cash.enter_amount","Enter amount","","","","","","",""
"dashboard.petty_cash.enter_description","Enter description","","","","","","",""
"dashboard.petty_cash.enter_receipt_number","Enter receipt number (optional)","","","","","","",""
"dashboard.petty_cash.attach_receipt","Attach Receipt","","","","","","",""
"dashboard.petty_cash.save","Save","","","","","","",""
"dashboard.petty_cash.cancel","Cancel","","","","","","",""
"dashboard.petty_cash.expense","Expense","","","","","","",""
"dashboard.petty_cash.replenishment","Replenishment","","","","","","",""
"dashboard.petty_cash.adjustment","Adjustment","","","","","","",""
"dashboard.petty_cash.approved","Approved","","","","","","",""
"dashboard.petty_cash.pending","Pending","","","","","","",""
"dashboard.petty_cash.rejected","Rejected","","","","","","",""
"dashboard.petty_cash.error_no_school","No school assigned to your account","","","","","","",""
"dashboard.petty_cash.error_fill_fields","Please fill in all required fields","","","","","","",""
"dashboard.petty_cash.error_valid_amount","Please enter a valid amount","","","","","","",""
"dashboard.petty_cash.error_insufficient_balance","Insufficient petty cash balance","","","","","","",""
"dashboard.petty_cash.error_replenishment_amount","Please enter replenishment amount","","","","","","",""
"dashboard.petty_cash.error_amount_description","Please enter amount and description","","","","","","",""
"dashboard.petty_cash.error_withdrawal_exceeds","Withdrawal amount exceeds current balance","","","","","","",""
"dashboard.petty_cash.error_failed_load","Failed to load petty cash information","","","","","","",""
"dashboard.petty_cash.error_failed_add","Failed to add expense","","","","","","",""
"dashboard.petty_cash.error_failed_record","Failed to record replenishment","","","","","","",""
"dashboard.petty_cash.error_failed_withdrawal","Failed to record withdrawal","","","","","","",""
"dashboard.petty_cash.error_db_unavailable","Database connection not available","","","","","","",""
"dashboard.petty_cash.success_expense_added","Expense added successfully","","","","","","",""
"dashboard.petty_cash.success_expense_receipt"," with receipt","","","","","","",""
"dashboard.petty_cash.success_replenishment","Replenishment recorded successfully","","","","","","",""
"dashboard.petty_cash.success_withdrawal","Withdrawal recorded successfully","","","","","","",""
"dashboard.petty_cash.confirm_withdrawal","Confirm Withdrawal","","","","","","",""
"dashboard.petty_cash.confirm_withdrawal_message","Are you sure you want to withdraw {{amount}} from petty cash?

This will reduce the available balance.","","","","","","",""
"dashboard.petty_cash.withdraw","Withdraw","","","","","","",""
"dashboard.petty_cash.stationery_supplies","Stationery & Supplies","","","","","","",""
"dashboard.petty_cash.refreshments","Refreshments","","","","","","",""
"dashboard.petty_cash.maintenance_repairs","Maintenance & Repairs","","","","","","",""
"dashboard.petty_cash.travel_transport","Travel & Transport","","","","","","",""
"dashboard.petty_cash.communication","Communication","","","","","","",""
"dashboard.petty_cash.medical_first_aid","Medical & First Aid","","","","","","",""
"dashboard.petty_cash.cleaning_supplies","Cleaning Supplies","","","","","","",""
"dashboard.petty_cash.utilities_small","Utilities (small amounts)","","","","","","",""
"dashboard.petty_cash.emergency_expenses","Emergency Expenses","","","","","","",""
"dashboard.petty_cash.other","Other","","","","","","",""
"dashboard.petty_cash.loading_data","Loading petty cash data...","","","","","","",""
"dashboard.petty_cash.low_balance_warning","Low balance - consider replenishment","","","","","","",""
"dashboard.petty_cash.available_balance","Available Balance","","","","","","",""
"dashboard.petty_cash.replenishment_amount","Replenishment Amount","","","","","","",""
"dashboard.petty_cash.current_status","Current Status","","","","","","",""
"dashboard.petty_cash.replenishment_recommendation","Recommended replenishment when balance falls below R1,000","","","","","","",""
"dashboard.petty_cash.withdrawal_amount","Withdrawal Amount","","","","","","",""
"dashboard.petty_cash.withdrawal_reason","Reason for Withdrawal","","","","","","",""
"dashboard.petty_cash.withdrawal_reason_placeholder","Why are you withdrawing this cash?","","","","","","",""
"dashboard.petty_cash.reference_number","Reference Number","","","","","","",""
"dashboard.petty_cash.reference_placeholder","Bank deposit slip, reference number, etc.","","","","","","",""
"dashboard.petty_cash.withdrawal_notice","This withdrawal will reduce your petty cash balance. Use this when cash needs to be deposited back to the main account or removed for other reasons.","","","","","","",""
"dashboard.receipt.choose_method","Choose how to add your receipt:","","","","","","",""
"dashboard.receipt.take_photo","Take Photo","","","","","","",""
"dashboard.receipt.choose_from_gallery","Choose from Gallery","","","","","","",""
"dashboard.receipt.permission_required","Permission required","","","","","","",""
"dashboard.receipt.camera_permission","Camera permission is needed to take photos","","","","","","",""
"dashboard.receipt.gallery_permission","Gallery permission is needed to select photos","","","","","","",""
"dashboard.receipt.error_take_photo","Failed to take photo","","","","","","",""
"dashboard.receipt.error_select_image","Failed to select image","","","","","","",""
"dashboard.receipt.receipt_image","Receipt Image","","","","","","",""
"dashboard.receipt.add_receipt_photo","Add Receipt Photo","","","","","","",""
"dashboard.receipt.tap_to_photo_gallery","Tap to take photo or select from gallery","","","","","","",""
"dashboard.transaction.failed_cancel","Failed to cancel transaction","","","","","","",""
"dashboard.transaction.principals_only_delete","Only principals can delete transactions","","","","","","",""
"dashboard.transaction.failed_delete","Failed to delete transaction","","","","","","",""
"dashboard.transaction.failed_reverse","Failed to create reversal","","","","","","",""
"dashboard.petty_cash_reconcile.title","Cash Reconciliation","","","","","","",""
"dashboard.petty_cash_reconcile.loading_data","Loading reconciliation data...","","","","","","",""
"dashboard.petty_cash_reconcile.balance_comparison","Balance Comparison","","","","","","",""
"dashboard.petty_cash_reconcile.system_balance","System Balance","","","","","","",""
"dashboard.petty_cash_reconcile.physical_cash","Physical Cash","","","","","","",""
"dashboard.petty_cash_reconcile.variance","Variance","","","","","","",""
"dashboard.petty_cash_reconcile.variance_physical_exceeds","Physical cash exceeds system balance","","","","","","",""
"dashboard.petty_cash_reconcile.variance_system_exceeds","System balance exceeds physical cash","","","","","","",""
"dashboard.petty_cash_reconcile.count_physical_cash","Count Physical Cash","","","","","","",""
"dashboard.petty_cash_reconcile.counting_instructions","Count each denomination and enter the quantity below:","","","","","","",""
"dashboard.petty_cash_reconcile.enter_quantity_placeholder","0","","","","","","",""
"dashboard.petty_cash_reconcile.notes_title","Reconciliation Notes","","","","","","",""
"dashboard.petty_cash_reconcile.notes_placeholder","Add any notes about discrepancies or observations...","","","","","","",""
"dashboard.petty_cash_reconcile.last_reconciliation","Last Reconciliation","","","","","","",""
"dashboard.petty_cash_reconcile.complete_reconciliation","Complete Reconciliation","","","","","","",""
"dashboard.petty_cash_reconcile.reconciling","Reconciling...","","","","","","",""
"dashboard.petty_cash_reconcile.save_success_title","Reconciliation Complete","","","","","","",""
"dashboard.petty_cash_reconcile.save_success_message","Cash reconciliation has been recorded.

Variance: {{variance}}","","","","","","",""
"dashboard.petty_cash_reconcile.view_history","View History","","","","","","",""
"dashboard.petty_cash_reconcile.load_error","Failed to load reconciliation data","","","","","","",""
"dashboard.petty_cash_reconcile.save_error","Failed to save reconciliation","","","","","","",""
"dashboard.category.choose_expense_category","Choose an expense category:","","","","","","",""
"announcement.create_announcement","Create Announcement","","","","","","",""
"announcement.title","Title","","","","","","",""
"announcement.message","Message","","","","","","",""
"announcement.send_to","Send To","","","","","","",""
"announcement.priority_level","Priority Level","","","","","","",""
"announcement.options","Options","","","","","","",""
"announcement.preview","Preview","","","","","","",""
"announcement.send","Send","","","","","","",""
"announcement.teachers","Teachers","","","","","","",""
"announcement.parents","Parents","","","","","","",""
"announcement.students","Students","","","","","","",""
"announcement.admin_staff","Admin Staff","","","","","","",""
"announcement.low","Low","","","","","","",""
"announcement.normal","Normal","","","","","","",""
"announcement.high","High","","","","","","",""
"announcement.urgent","Urgent","","","","","","",""
"announcement.requires_response","Requires Response","","","","","","",""
"announcement.schedule_for_later","Schedule for Later","","","","","","",""
"announcement.recipients_count","{{count}} recipients","","","","","","",""
"announcement.enter_title","Enter announcement title...","","","","","","",""
"announcement.write_message","Write your announcement message here...","","","","","","",""
"announcement.characters_count","{{count}}/1000 characters","","","","","","",""
"announcement.missing_information","Missing Information","","","","","","",""
"announcement.provide_title_message","Please provide both title and message","","","","","","",""
"announcement.no_audience","No Audience","","","","","","",""
"announcement.select_audience","Please select at least one audience","","","","","","",""
"announcement.recipients_acknowledge","Recipients must acknowledge this announcement","","","","","","",""
"announcement.send_specific_time","Send at a specific date and time","","","","","","",""
"announcement.announcement_title_placeholder","Announcement Title","","","","","","",""
"announcement.message_placeholder","Your announcement message will appear here...","","","","","","",""
"announcement.sent_to","Sent to: {{audience}}","","","","","","",""
"announcement.no_audience_selected","No audience selected","","","","","","",""
"petty_cash.petty_cash","Petty Cash","","","","","","",""
"petty_cash.current_balance","Current Balance","","","","","","",""
"petty_cash.quick_actions","Quick Actions","","","","","","",""
"petty_cash.add_expense","Add Expense","","","","","","",""
"petty_cash.replenish_cash","Replenish Cash","","","","","","",""
"petty_cash.withdraw_cash","Withdraw Cash","","","","","","",""
"petty_cash.reconcile","Reconcile","","","","","","",""
"petty_cash.recent_transactions","Recent Transactions","","","","","","",""
"petty_cash.view_all","View All","","","","","","",""
"petty_cash.total_expenses","Total Expenses","","","","","","",""
"petty_cash.total_replenishments","Total Replenishments","","","","","","",""
"petty_cash.pending_approval","Pending Approval","","","","","","",""
"petty_cash.no_transactions_yet","No Transactions Yet","","","","","","",""
"petty_cash.add_first_expense","Add your first expense or replenishment","","","","","","",""
"petty_cash.monthly_overview","Monthly Overview","","","","","","",""
"petty_cash.balance","Balance","","","","","","",""
"petty_cash.amount","Amount","","","","","","",""
"petty_cash.description","Description","","","","","","",""
"petty_cash.category","Category","","","","","","",""
"petty_cash.receipt_number","Receipt Number","","","","","","",""
"petty_cash.select_category","Select Category","","","","","","",""
"petty_cash.enter_amount","Enter amount","","","","","","",""
"petty_cash.enter_description","Enter description","","","","","","",""
"petty_cash.enter_receipt_number","Enter receipt number (optional)","","","","","","",""
"petty_cash.attach_receipt","Attach Receipt","","","","","","",""
"petty_cash.save","Save","","","","","","",""
"petty_cash.cancel","Cancel","","","","","","",""
"petty_cash.expense","Expense","","","","","","",""
"petty_cash.replenishment","Replenishment","","","","","","",""
"petty_cash.adjustment","Adjustment","","","","","","",""
"petty_cash.approved","Approved","","","","","","",""
"petty_cash.pending","Pending","","","","","","",""
"petty_cash.rejected","Rejected","","","","","","",""
"petty_cash.error_no_school","No school assigned to your account","","","","","","",""
"petty_cash.error_fill_fields","Please fill in all required fields","","","","","","",""
"petty_cash.error_valid_amount","Please enter a valid amount","","","","","","",""
"petty_cash.error_insufficient_balance","Insufficient petty cash balance","","","","","","",""
"petty_cash.error_replenishment_amount","Please enter replenishment amount","","","","","","",""
"petty_cash.error_amount_description","Please enter amount and description","","","","","","",""
"petty_cash.error_withdrawal_exceeds","Withdrawal amount exceeds current balance","","","","","","",""
"petty_cash.error_failed_load","Failed to load petty cash information","","","","","","",""
"petty_cash.error_failed_add","Failed to add expense","","","","","","",""
"petty_cash.error_failed_record","Failed to record replenishment","","","","","","",""
"petty_cash.error_failed_withdrawal","Failed to record withdrawal","","","","","","",""
"petty_cash.error_db_unavailable","Database connection not available","","","","","","",""
"petty_cash.success_expense_added","Expense added successfully","","","","","","",""
"petty_cash.success_expense_receipt"," with receipt","","","","","","",""
"petty_cash.success_replenishment","Replenishment recorded successfully","","","","","","",""
"petty_cash.success_withdrawal","Withdrawal recorded successfully","","","","","","",""
"petty_cash.confirm_withdrawal","Confirm Withdrawal","","","","","","",""
"petty_cash.confirm_withdrawal_message","Are you sure you want to withdraw {{amount}} from petty cash?

This will reduce the available balance.","","","","","","",""
"petty_cash.withdraw","Withdraw","","","","","","",""
"petty_cash.stationery_supplies","Stationery & Supplies","","","","","","",""
"petty_cash.refreshments","Refreshments","","","","","","",""
"petty_cash.maintenance_repairs","Maintenance & Repairs","","","","","","",""
"petty_cash.travel_transport","Travel & Transport","","","","","","",""
"petty_cash.communication","Communication","","","","","","",""
"petty_cash.medical_first_aid","Medical & First Aid","","","","","","",""
"petty_cash.cleaning_supplies","Cleaning Supplies","","","","","","",""
"petty_cash.utilities_small","Utilities (small amounts)","","","","","","",""
"petty_cash.emergency_expenses","Emergency Expenses","","","","","","",""
"petty_cash.other","Other","","","","","","",""
"petty_cash.withdrawal_adjustment","Withdrawal/Adjustment","","","","","","",""
"petty_cash.loading_data","Loading petty cash data...","","","","","","",""
"petty_cash.low_balance_warning","Low balance - consider replenishment","","","","","","",""
"petty_cash.available_balance","Available Balance","","","","","","",""
"petty_cash.replenishment_amount","Replenishment Amount","","","","","","",""
"petty_cash.current_status","Current Status","","","","","","",""
"petty_cash.replenishment_recommendation","Recommended replenishment when balance falls below R1,000","","","","","","",""
"petty_cash.withdrawal_amount","Withdrawal Amount","","","","","","",""
"petty_cash.withdrawal_reason","Reason for Withdrawal","","","","","","",""
"petty_cash.withdrawal_reason_placeholder","Why are you withdrawing this cash?","","","","","","",""
"petty_cash.reference_number","Reference Number","","","","","","",""
"petty_cash.reference_placeholder","Bank deposit slip, reference number, etc.","","","","","","",""
"petty_cash.withdrawal_notice","This withdrawal will reduce your petty cash balance. Use this when cash needs to be deposited back to the main account or removed for other reasons.","","","","","","",""
"receipt.choose_method","Choose how to add your receipt:","","","","","","",""
"receipt.take_photo","Take Photo","","","","","","",""
"receipt.choose_from_gallery","Choose from Gallery","","","","","","",""
"receipt.permission_required","Permission required","","","","","","",""
"receipt.camera_permission","Camera permission is needed to take photos","","","","","","",""
"receipt.gallery_permission","Gallery permission is needed to select photos","","","","","","",""
"receipt.error_take_photo","Failed to take photo","","","","","","",""
"receipt.error_select_image","Failed to select image","","","","","","",""
"receipt.receipt_image","Receipt Image","","","","","","",""
"receipt.add_receipt_photo","Add Receipt Photo","","","","","","",""
"receipt.tap_to_photo_gallery","Tap to take photo or select from gallery","","","","","","",""
"receipt.view_receipts","View Receipts","","","","","","",""
"receipt.attach_receipt","Attach Receipt","","","","","","",""
"receipt.attached_success","Receipt attached","","","","","","",""
"receipt.attached_failed","Failed to attach receipt","","","","","","",""
"receipt.no_receipts","No receipts attached for this transaction.","","","","","","",""
"transaction.options","Transaction Options","","","","","","",""
"transaction.choose_action","Choose an action","","","","","","",""
"transaction.failed_cancel","Failed to cancel transaction","","","","","","",""
"transaction.principals_only_delete","Only principals can delete transactions","","","","","","",""
"transaction.failed_delete","Failed to delete transaction","","","","","","",""
"transaction.failed_reverse","Failed to create reversal","","","","","","",""
"petty_cash_reconcile.title","Cash Reconciliation","","","","","","",""
"petty_cash_reconcile.loading_data","Loading reconciliation data...","","","","","","",""
"petty_cash_reconcile.balance_comparison","Balance Comparison","","","","","","",""
"petty_cash_reconcile.system_balance","System Balance","","","","","","",""
"petty_cash_reconcile.physical_cash","Physical Cash","","","","","","",""
"petty_cash_reconcile.variance","Variance","","","","","","",""
"petty_cash_reconcile.variance_physical_exceeds","Physical cash exceeds system balance","","","","","","",""
"petty_cash_reconcile.variance_system_exceeds","System balance exceeds physical cash","","","","","","",""
"petty_cash_reconcile.count_physical_cash","Count Physical Cash","","","","","","",""
"petty_cash_reconcile.counting_instructions","Count each denomination and enter the quantity below:","","","","","","",""
"petty_cash_reconcile.enter_quantity_placeholder","0","","","","","","",""
"petty_cash_reconcile.notes_title","Reconciliation Notes","","","","","","",""
"petty_cash_reconcile.notes_placeholder","Add any notes about discrepancies or observations...","","","","","","",""
"petty_cash_reconcile.last_reconciliation","Last Reconciliation","","","","","","",""
"petty_cash_reconcile.complete_reconciliation","Complete Reconciliation","","","","","","",""
"petty_cash_reconcile.reconciling","Reconciling...","","","","","","",""
"petty_cash_reconcile.save_success_title","Reconciliation Complete","","","","","","",""
"petty_cash_reconcile.save_success_message","Cash reconciliation has been recorded.

Variance: {{variance}}","","","","","","",""
"petty_cash_reconcile.view_history","View History","","","","","","",""
"petty_cash_reconcile.load_error","Failed to load reconciliation data","","","","","","",""
"petty_cash_reconcile.save_error","Failed to save reconciliation","","","","","","",""
"category.choose_expense_category","Choose an expense category:","","","","","","",""
"transactions.title","Transactions","","","","","","",""
"transactions.search_placeholder","Search transactions...","","","","","","",""
"transactions.summary_count","{{count}} of {{total}} transactions","","","","","","",""
"transactions.total","Total","","","","","","",""
"transactions.filter_title","Filter Transactions","","","","","","",""
"transactions.type","Transaction Type","","","","","","",""
"transactions.all_types","All Types","","","","","","",""
"transactions.income","Income","","","","","","",""
"transactions.expenses","Expenses","","","","","","",""
"transactions.category","Category","","","","","","",""
"transactions.all_categories","All Categories","","","","","","",""
"transactions.cat_tuition","Tuition","","","","","","",""
"transactions.cat_supplies","Supplies","","","","","","",""
"transactions.cat_salaries","Salaries","","","","","","",""
"transactions.cat_maintenance","Maintenance","","","","","","",""
"transactions.cat_utilities","Utilities","","","","","","",""
"transactions.clear_all","Clear All","","","","","","",""
"transactions.apply_filters","Apply Filters","","","","","","",""
"transactions.no_data","No Data","","","","","","",""
"transactions.no_transactions_export","No transactions available to export","","","","","","",""
"transactions.access_denied_text","Only school principals can access transaction details.","","","","","","",""
"transactions.load_failed","Failed to load transactions","","","","","","",""
"transactions.error_no_school","No preschool associated with your account","","","","","","",""
"finance_dashboard.title","Finance Dashboard","","","","","","",""
"finance_dashboard.loading","Loading financial dashboard...","","","","","","",""
"finance_dashboard.load_failed","Failed to load financial dashboard","","","","","","",""
"finance_dashboard.access_denied_text","Only school principals can access the financial dashboard.","","","","","","",""
"finance_dashboard.trend_title","Cash Flow Trend (Last 6 Months)","","","","","","",""
"finance_dashboard.categories_title","Expense Categories","","","","","","",""
"finance_dashboard.comparison_title","Monthly Comparison","","","","","","",""
"finance_dashboard.export_title","Export Data","","","","","","",""
"finance_dashboard.csv","CSV","","","","","","",""
"finance_dashboard.excel","Excel","","","","","","",""
"finance_dashboard.pdf","PDF","","","","","","",""
"finance_dashboard.quick_actions_title","Quick Actions","","","","","","",""
"finance_dashboard.view_transactions","View Transactions","","","","","","",""
"finance_dashboard.detailed_reports","Detailed Reports","","","","","","",""
"finance_dashboard.net_cash_flow","Net Cash Flow","","","","","","",""
"finance_dashboard.positive","Positive","","","","","","",""
"finance_dashboard.negative","Negative","","","","","","",""
"finance_dashboard.total_transactions","Total Transactions","","","","","","",""
"finance_dashboard.last_30_days","Last 30 days","","","","","","",""
"finance_dashboard.tab_cash_flow","Cash Flow","","","","","","",""
"finance_dashboard.tab_categories","Categories","","","","","","",""
"finance_dashboard.tab_comparison","Compare","","","","","","",""
"finance_dashboard.no_financial_data_export","No financial data available to export","","","","","","",""
"parent.selectChild","Select Child","","","","","","",""
"parent.myChildren","My Children","","","","","","",""
"parent.communicationHub","Communication Hub","","","","","","",""
"parent.messages","Messages","","","","","","",""
"parent.announcements","Announcements","","","","","","",""
"parent.scheduleMeeting","Schedule Meeting","","","","","","",""
"parent.teacherCommunication","Chat with teachers","","","","","","",""
"parent.schoolUpdates","School news & updates","","","","","","",""
"parent.teacherMeeting","Book parent-teacher meeting","","","","","","",""
"parent.noChildrenFound","No Children Found","","","","","","",""
"parent.noChildrenLinked","No children linked to your account","","","","","","",""
"parent.registerOrLinkChild","Register a new child or link an existing enrolled child to start tracking their progress.","","","","","","",""
"parent.registerChild","Register Child","","","","","","",""
"parent.urgentItems","Urgent Items","","","","","","",""
"parent.schoolFeesDue","School Fees Due","","","","","","",""
"parent.newMessages","New Messages","","","","","","",""
"parent.pendingHomework","Pending Homework","","","","","","",""
"parent.overdue","Overdue","","","","","","",""
"parent.dueBy","Due by","","","","","","",""
"parent.fromTeacher","From teacher","","","","","","",""
"parent.assignmentsDue","Assignments due","","","","","","",""
"parent.todaysOverview","Today's Overview","","","","","","",""
"parent.attendanceToday","Attendance","","","","","","",""
"parent.notRecorded","Not recorded","","","","","","",""
"parent.upcomingEvents","Upcoming Events","","","","","","",""
"parent.noEvents","No events","","","","","","",""
"parent.thisWeek","this week","","","","","","",""
"parent.attendanceStatus.present","Present","","","","","","",""
"parent.attendanceStatus.absent","Absent","","","","","","",""
"parent.attendanceStatus.late","Late","","","","","","",""
"parent.noMessagesYet","No messages yet","","","","","","",""
"parent.messagesError","Failed to Load Messages","","","","","","",""
"parent.messagesErrorDesc","Unable to load your messages. Please check your connection and try again.","","","","","","",""
"parent.noMessagesTitle","No Messages Yet","","","","","","",""
"parent.noMessagesDesc","When teachers send you messages about your child, they'll appear here.","","","","","","",""
"parent.startNewMessage","Start New Message","","","","","","",""
"parent.threadError","Unable to Load Messages","","","","","","",""
"parent.threadErrorDesc","We couldn't load your messages. Please check your connection and try again.","","","","","","",""
"parent.startConversation","Start Your Conversation","","","","","","",""
"parent.startConversationDesc","Send your first message to start chatting with your child's teacher.","","","","","","",""
"parent.typeMessage","Type your message...","","","","","","",""
"parent.messageSendError","Failed to send message. Please try again.","","","","","","",""
"pop.uploadProofOfPayment","Upload Proof of Payment","","","","","","",""
"pop.uploadPictureOfProgress","Upload Picture of Progress","","","","","","",""
"pop.paymentFor","Payment for","","","","","","",""
"pop.paymentDetails","Payment Details","","","","","","",""
"pop.title","Title","","","","","","",""
"pop.titlePlaceholder","e.g., School fees January 2024","","","","","","",""
"pop.amount","Amount","","","","","","",""
"pop.paymentMethod","Payment Method","","","","","","",""
"pop.selectPaymentMethod","Select Payment Method","","","","","","",""
"pop.paymentDate","Payment Date","","","","","","",""
"pop.reference","Reference Number","","","","","","",""
"pop.referencePlaceholder","Bank reference, receipt number, etc.","","","","","","",""
"pop.notes","Additional Notes","","","","","","",""
"pop.notesPlaceholder","Any additional information about this payment","","","","","","",""
"pop.uploadReceipt","Upload Receipt","","","","","","",""
"pop.takePhoto","Take Photo","","","","","","",""
"pop.selectFile","Select File","","","","","","",""
"pop.uploadPaymentProof","Upload Payment Proof","","","","","","",""
"pop.uploadSuccess","Upload Successful","","","","","","",""
"pop.uploadSuccessDesc","Your proof of payment has been uploaded and is pending review.","","","","","","",""
"pop.progressFor","Progress for","","","","","","",""
"pop.progressDetails","Progress Details","","","","","","",""
"pop.subject","Subject","","","","","","",""
"pop.subjectPlaceholder","e.g., Mathematics, English, Art","","","","","","",""
"pop.achievementLevel","Achievement Level","","","","","","",""
"pop.selectAchievementLevel","Select Achievement Level","","","","","","",""
"pop.learningArea","Learning Area","","","","","","",""
"pop.learningAreaPlaceholder","Specific skill or topic demonstrated","","","","","","",""
"pop.description","Description","","","","","","",""
"pop.descriptionPlaceholder","Describe what this picture shows about your child's progress","","","","","","",""
"pop.uploadPhoto","Upload Photo","","","","","","",""
"pop.selectPhoto","Select Photo","","","","","","",""
"pop.uploadProgressPicture","Upload Progress Picture","","","","","","",""
"pop.progressUploadSuccess","Progress Upload Successful","","","","","","",""
"pop.progressUploadSuccessDesc","Your picture of progress has been uploaded and shared with the teacher.","","","","","","",""
"pop.pending","Pending Review","","","","","","",""
"pop.approved","Approved","","","","","","",""
"pop.rejected","Rejected","","","","","","",""
"pop.needsRevision","Needs Revision","","","","","","",""
"pop.popHistory","POP History","","","","","","",""
"pop.proofOfPayment","Proof of Payment","","","","","","",""
"pop.pictureOfProgress","Picture of Progress","","","","","","",""
"pop.allTypes","All Types","","","","","","",""
"pop.allStatuses","All Statuses","","","","","","",""
"pop.filterBy","Filter By","","","","","","",""
"pop.type","Type","","","","","","",""
"pop.status","Status","","","","","","",""
"pop.uploadedOn","Uploaded on","","","","","","",""
"pop.reviewedBy","Reviewed by","","","","","","",""
"pop.reviewNotes","Review Notes","","","","","","",""
"pop.noUploads","No uploads yet","","","","","","",""
"pop.noUploadsDesc","Your uploaded proofs of payment and pictures of progress will appear here.","","","","","","",""
"pop.uploadFirst","Upload First Item","","","","","","",""
"pop.viewFile","View File","","","","","","",""
"pop.reupload","Re-upload","","","","","","",""
"pop.deleteUpload","Delete Upload","","","","","","",""
"metrics.total_students","Total Students","","","","","","",""
"metrics.teaching_staff","Teaching Staff","","","","","","",""
"metrics.attendance_rate","Attendance Rate","","","","","","",""
"metrics.monthly_revenue","Monthly Revenue","","","","","","",""
"metrics.active_classes","Active Classes","","","","","","",""
"metrics.pending_applications","Pending Applications","","","","","","",""
"metrics.my_students","My Students","","","","","","",""
"metrics.pending_grading","Pending Grading","","","","","","",""
"metrics.lessons_today","Lessons Today","","","","","","",""
"metrics.across_classes","across {{count}} classes","","","","","","",""
"metrics.assignments_to_review","assignments to review","","","","","","",""
"metrics.scheduled_classes","scheduled classes","","","","","","",""
"quick_actions.manage_teachers","Manage Teachers","","","","","","",""
"quick_actions.manage_teachers_subtitle","Hire, evaluate, and manage staff","","","","","","",""
"quick_actions.student_enrollment","Student Enrollment","","","","","","",""
"quick_actions.student_enrollment_subtitle","Review applications and enroll students","","","","","","",""
"quick_actions.financial_reports","Financial Reports","","","","","","",""
"quick_actions.financial_reports_subtitle","Revenue, expenses, and forecasting","","","","","","",""
"quick_actions.view_finances","View Finances","","","","","","",""
"quick_actions.meeting_rooms","Meeting Rooms","","","","","","",""
"quick_actions.meeting_rooms_subtitle","Schedule meetings and video calls","","","","","","",""
"quick_actions.school_settings","School Settings","","","","","","",""
"quick_actions.school_settings_subtitle","Configure policies and preferences","","","","","","",""
"quick_actions.create_announcement","Create Announcement","","","","","","",""
"quick_actions.create_announcement_subtitle","Notify all parents and staff","","","","","","",""
"quick_actions.school_analytics","School Analytics","","","","","","",""
"quick_actions.school_analytics_subtitle","Performance insights and trends","","","","","","",""
"quick_actions.enroll_student","Enroll Student","","","","","","",""
"quick_actions.send_announcement","Send Announcement","","","","","","",""
"quick_actions.announcement_description","Compose and send a school-wide announcement","","","","","","",""
"quick_actions.parent_requests","Parent Requests","","","","","","",""
"quick_actions.seat_management","Seat Management","","","","","","",""
"quick_actions.invite_parents","Invite Parents","","","","","","",""
"quick_actions.export_data","Export Data","","","","","","",""
"quick_actions.todays_stats","Today's Stats","","","","","","",""
"quick_actions.whatsapp_setup","WhatsApp Setup","","","","","","",""
"quick_actions.quick_settings","Quick Settings","","","","","","",""
"quick_actions.quick_actions","Quick Actions","","","","","","",""
"quick_actions.ai_homework_helper","AI Homework Helper","","","","","","",""
"quick_actions.limit_reached","Limit reached","","","","","","",""
"quick_actions.requests_left","{{count}} requests left","","","","","","",""
"quick_actions.whatsapp_connect","WhatsApp Connect","","","","","","",""
"quick_actions.connect_with_teachers","Connect with teachers","","","","","","",""
"quick_actions.whatsapp_premium_description","Get instant communication with your teachers and receive real-time updates on assignments and progress","","","","","","",""
"quick_actions.learning_resources","Learning Resources","","","","","","",""
"quick_actions.access_study_materials","Access study materials","","","","","","",""
"quick_actions.learning_resources_premium_description","Access premium study materials, interactive content, and curated educational resources","","","","","","",""
"quick_actions.progress_analytics","Progress Analytics","","","","","","",""
"quick_actions.track_your_performance","Track your performance","","","","","","",""
"quick_actions.upgrade_to_unlock","Upgrade to unlock","","","","","","",""
"quick_actions.progress_analytics_premium_description","Get detailed insights into your learning progress with advanced analytics and performance tracking","","","","","","",""
"quick_actions.ai_lessons","AI Lessons","","","","","","",""
"quick_actions.ai_lesson_generator","‚ú® AI Lesson Generator","","","","","","",""
"quick_actions.ai_lesson_description","Create engaging educational content for your students:

‚Ä¢ Age-appropriate lesson plans
‚Ä¢ Interactive activity suggestions
‚Ä¢ Assessment templates
‚Ä¢ Learning objectives alignment

Start creating lessons now:","","","","","","",""
"quick_actions.create_lesson","Create Lesson","","","","","","",""
"quick_actions.view_ai_tools","View AI Tools","","","","","","",""
"quick_actions.ai_quota_management","AI Quota Management","","","","","","",""
"quick_actions.ai_quota_subtitle","Allocate AI credits & manage usage limits","","","","","","",""
"quick_actions.ai_insights_recommendations","ü§ñ AI Insights & Recommendations","","","","","","",""
"quick_actions.ai_insights_description","Get AI-powered insights based on your school data:

‚Ä¢ Attendance pattern analysis
‚Ä¢ Financial trend insights
‚Ä¢ Teacher performance indicators
‚Ä¢ Student progress tracking
‚Ä¢ Enrollment optimization tips

View detailed analytics now:","","","","","","",""
"quick_actions.view_ai_insights","View AI Insights","","","","","","",""
"quick_actions.create_lessons","Create Lessons","","","","","","",""
"quick_actions.create_lessons_subtitle","Generate lessons & assessments with AI","","","","","","",""
"quick_actions.advanced_analytics_subtitle","Deep insights & forecasting","","","","","","",""
"quick_actions.seat_management_subtitle","Assign or revoke teacher seats","","","","","","",""
"quick_actions.configure_in_settings","Configure in Settings","","","","","","",""
"quick_actions.go_to_settings","Go to Settings","","","","","","",""
"ai.homework.title","AI Homework Helper","","","","","","",""
"ai.homework.description","Get step-by-step help with your homework","","","","","","",""
"ai.homework.askQuestion","Ask a question about your homework","","","","","","",""
"ai.homework.questionPlaceholder","Type your homework question here...","","","","","","",""
"ai.homework.subject","Subject","","","","","","",""
"ai.homework.gradeLevel","Grade Level","","","","","","",""
"ai.homework.difficulty","Difficulty Level","","","","","","",""
"ai.homework.getHelp","Get Help","","","","","","",""
"ai.homework.explanation","Explanation","","","","","","",""
"ai.homework.stepByStep","Step by Step","","","","","","",""
"ai.homework.hints","Hints","","","","","","",""
"ai.homework.relatedConcepts","Related Concepts","","","","","","",""
"ai.homework.practiceProblems","Practice Problems","","","","","","",""
"ai.homework.loading","Thinking...","","","","","","",""
"ai.homework.error","Sorry, I couldn't help with that question. Please try again.","","","","","","",""
"ai.homework.noQuestion","Please enter a question to get help.","","","","","","",""
"ai.lessons.title","AI Lesson Generator","","","","","","",""
"ai.lessons.description","Create engaging lessons with AI assistance","","","","","","",""
"ai.lessons.topic","Lesson Topic","","","","","","",""
"ai.lessons.topicPlaceholder","Enter the main topic for your lesson","","","","","","",""
"ai.lessons.subject","Subject","","","","","","",""
"ai.lessons.gradeLevel","Grade Level","","","","","","",""
"ai.lessons.duration","Duration (minutes)","","","","","","",""
"ai.lessons.objectives","Learning Objectives","","","","","","",""
"ai.lessons.objectivePlaceholder","What should students learn?","","","","","","",""
"ai.lessons.generate","Generate Lesson","","","","","","",""
"ai.lessons.materials","Materials Needed","","","","","","",""
"ai.lessons.activities","Activities","","","","","","",""
"ai.lessons.assessment","Assessment","","","","","","",""
"ai.lessons.extensions","Extensions","","","","","","",""
"ai.lessons.loading","Creating lesson...","","","","","","",""
"ai.lessons.error","Failed to generate lesson. Please try again.","","","","","","",""
"ai.usage.title","AI Usage","","","","","","",""
"ai.usage.monthly","This Month","","","","","","",""
"ai.usage.daily","Today","","","","","","",""
"ai.usage.tokens","Tokens Used","","","","","","",""
"ai.usage.requests","Requests Made","","","","","","",""
"ai.usage.cost","Cost","","","","","","",""
"ai.usage.remaining","Remaining Quota","","","","","","",""
"ai.usage.unlimited","Unlimited","","","","","","",""
"ai.usage.upgradeRequired","Upgrade required for more usage","","","","","","",""
"ai.usage.rateLimited","Rate limit exceeded. Please try again later.","","","","","","",""
"homework.title","Homework","","","","","","",""
"homework.assignments","Assignments","","","","","","",""
"homework.dueDate","Due Date","","","","","","",""
"homework.status","Status","","","","","","",""
"homework.pending","Pending","","","","","","",""
"homework.completed","Completed","","","","","","",""
"homework.overdue","Overdue","","","","","","",""
"homework.submit","Submit","","","","","","",""
"homework.viewDetails","View Details","","","","","","",""
"homework.noAssignments","No homework assignments","","","","","","",""
"lessons.title","Lessons","","","","","","",""
"lessons.create","Create Lesson","","","","","","",""
"lessons.edit","Edit Lesson","","","","","","",""
"lessons.delete","Delete Lesson","","","","","","",""
"lessons.duplicate","Duplicate","","","","","","",""
"lessons.share","Share","","","","","","",""
"lessons.preview","Preview","","","","","","",""
"lessons.publish","Publish","","","","","","",""
"lessons.draft","Draft","","","","","","",""
"lessons.published","Published","","","","","","",""
"settings.title","Settings","","","","","","",""
"settings.profile","Profile Settings","","","","","","",""
"settings.notifications","Notifications","","","","","","",""
"settings.privacy","Privacy","","","","","","",""
"settings.securityPrivacy","Security & Privacy","","","","","","",""
"settings.dataProtection","Data Protection","","","","","","",""
"settings.learnDataProtection","Learn how we protect your data","","","","","","",""
"settings.appearanceLanguage","Appearance & Language","","","","","","",""
"settings.schoolOverview","School Overview","","","","","","",""
"settings.schoolName","School Name","","","","","","",""
"settings.regionalSettings","Regional Settings","","","","","","",""
"settings.whatsappIntegration","WhatsApp Integration","","","","","","",""
"settings.whatsappConfigured","WhatsApp is configured","","","","","","",""
"settings.whatsappNotConfigured","WhatsApp is not configured","","","","","","",""
"settings.active","Active","","","","","","",""
"settings.activeFeatures","Active Features","","","","","","",""
"settings.editFullSettings","Edit Full Settings","","","","","","",""
"settings.configureAllSchoolSettings","Configure all school settings","","","","","","",""
"settings.loadingSchoolSettings","Loading school settings...","","","","","","",""
"settings.failedToLoadSettings","Failed to load school settings","","","","","","",""
"settings.noFeaturesEnabled","No features are currently enabled","","","","","","",""
"settings.aboutSupport","About & Support","","","","","","",""
"settings.language.title","Language","","","","","","",""
"settings.theme.title","Theme","","","","","","",""
"settings.theme.light","Light","","","","","","",""
"settings.theme.dark","Dark","","","","","","",""
"settings.theme.system","System","","","","","","",""
"settings.biometric.title","Biometric Authentication","","","","","","",""
"settings.biometric.notAvailable","Biometric authentication is not available on this device","","","","","","",""
"settings.biometric.setupRequired","Please set up biometrics in your device settings first","","","","","","",""
"settings.biometric.enabled","Biometric login is enabled","","","","","","",""
"settings.biometric.disabled","Biometric login is disabled","","","","","","",""
"settings.biometric.fingerprint","Fingerprint","","","","","","",""
"settings.biometric.faceId","Face ID","","","","","","",""
"settings.biometric.not_available_desc","Biometric authentication is not available on this device. This feature requires fingerprint or face recognition hardware.","","","","","","",""
"settings.feature.activityFeed","Activity Feed","","","","","","",""
"settings.feature.financials","Financials","","","","","","",""
"settings.feature.pettyCash","Petty Cash","","","","","","",""
"settings.manage_alerts","Manage your alerts","","","","","","",""
"settings.notifications_coming_soon_desc","Notification settings will be available in the next update.","","","","","","",""
"settings.privacy_security.title","Privacy & Security","","","","","","",""
"settings.privacy_security.info","Data protection info","","","","","","",""
"trends.up","up","","","","","","",""
"trends.down","down","","","","","","",""
"trends.stable","stable","","","","","","",""
"trends.good","good","","","","","","",""
"trends.excellent","excellent","","","","","","",""
"trends.warning","warning","","","","","","",""
"trends.attention","attention","","","","","","",""
"trends.needs_attention","needs attention","","","","","","",""
"trends.low","low","","","","","","",""
"trends.high","high","","","","","","",""
"teacher.performance.active","Active teacher","","","","","","",""
"teacher.performance.no_classes","No classes assigned - requires attention","","","","","","",""
"teacher.performance.high_ratio","High student ratio ({{ratio}}:1) - may need support","","","","","","",""
"teacher.performance.excellent","Excellent performance - {{classes}} classes, {{ratio}}:1 ratio, {{attendance}}% attendance","","","","","","",""
"teacher.performance.strong","Strong performance - {{classes}} classes, good attendance rates","","","","","","",""
"teacher.performance.good","Good performance - managing {{students}} students effectively","","","","","","",""
"teacher.performance.review_needed","Performance review needed - {{attendance}}% attendance rate in classes","","","","","","",""
"students.title","Students","","","","","","",""
"students.addStudent","Add Student","","","","","","",""
"students.studentName","Student Name","","","","","","",""
"students.class","Class","","","","","","",""
"students.grade","Grade","","","","","","",""
"students.preschool","Preschool","","","","","","",""
"students.status","Status","","","","","","",""
"students.active","Active","","","","","","",""
"students.inactive","Inactive","","","","","","",""
"students.viewProfile","View Profile","","","","","","",""
"students.editProfile","Edit Profile","","","","","","",""
"classes.title","Classes","","","","","","",""
"classes.addClass","Add Class","","","","","","",""
"classes.className","Class Name","","","","","","",""
"classes.teacher","Teacher","","","","","","",""
"classes.students","Students","","","","","","",""
"classes.schedule","Schedule","","","","","","",""
"classes.assignments","Assignments","","","","","","",""
"reports.title","Reports","","","","","","",""
"reports.generate","Generate Report","","","","","","",""
"reports.export","Export","","","","","","",""
"reports.performance","Performance Report","","","","","","",""
"reports.attendance","Attendance Report","","","","","","",""
"reports.progress","Progress Report","","","","","","",""
"reports.dateRange","Date Range","","","","","","",""
"reports.from","From","","","","","","",""
"reports.to","To","","","","","","",""
"notifications.title","Notifications","","","","","","",""
"notifications.markAllRead","Mark All as Read","","","","","","",""
"notifications.noNotifications","No notifications","","","","","","",""
"notifications.newAssignment","New assignment: {{title}}","","","","","","",""
"notifications.gradePosted","Grade posted for {{assignment}}","","","","","","",""
"notifications.reminderDue","Reminder: {{assignment}} is due tomorrow","","","","","","",""
"errors.generic","Something went wrong. Please try again.","","","","","","",""
"errors.network","Network error. Please check your connection.","","","","","","",""
"errors.unauthorized","You don't have permission to access this resource.","","","","","","",""
"errors.notFound","The requested resource was not found.","","","","","","",""
"errors.validation","Please check your input and try again.","","","","","","",""
"errors.serverError","Server error. Please try again later.","","","","","","",""
"errors.security.validation_failed","Validation failed","","","","","","",""
"errors.security.content_type_required","Content-Type must be application/json","","","","","","",""
"errors.security.request_too_large","Request too large. Maximum size is {{maxSize}} KB","","","","","","",""
"errors.security.invalid_json","Invalid JSON in request body","","","","","","",""
"errors.security.invalid_parameters","Invalid URL parameters","","","","","","",""
"errors.security.invalid_query","Invalid query parameters","","","","","","",""
"errors.security.authentication_required","Authentication required","","","","","","",""
"errors.security.invalid_token","Invalid or expired authentication token","","","","","","",""
"errors.security.insufficient_permissions","Insufficient permissions","","","","","","",""
"errors.security.rate_limit_exceeded","Too many requests, please try again later","","","","","","",""
"errors.security.login_attempts_exceeded","Too many login attempts. Please try again later.","","","","","","",""
"errors.security.account_locked","Account temporarily locked due to too many failed login attempts. Try again in {{minutes}} minutes.","","","","","","",""
"errors.security.internal_security_error","Internal security error","","","","","","",""
"success.saved","Changes saved successfully","","","","","","",""
"success.deleted","Item deleted successfully","","","","","","",""
"success.created","Item created successfully","","","","","","",""
"success.updated","Item updated successfully","","","","","","",""
"activity.loading","Loading activity feed...","","","","","","",""
"activity.recent_activity","Recent Activity","","","","","","",""
"activity.no_recent_activity","No Recent Activity","","","","","","",""
"activity.empty_description","School activities will appear here in real-time","","","","","","",""
"activity.live","Live","","","","","","",""
"activity.connecting","Connecting...","","","","","","",""
"activity.offline","Offline","","","","","","",""
"activity.just_now","Just now","","","","","","",""
"activity.minutes_ago","{{count}}m ago","","","","","","",""
"activity.hours_ago","{{count}}h ago","","","","","","",""
"activity.days_ago","{{count}}d ago","","","","","","",""
"activity.high_priority","High Priority","","","","","","",""
"curriculum.standards.placeholder","{{subject}} - Grade {{grade}} Standards","","","","","","",""
"subscription.free","Free","","","","","","",""
"subscription.starter","Starter","","","","","","",""
"subscription.premium","Premium","","","","","","",""
"subscription.enterprise","Enterprise","","","","","","",""
"subscription.upgrade","Upgrade Plan","","","","","","",""
"subscription.upgradeToPro","Upgrade to Pro","","","","","","",""
"subscription.billing","Billing","","","","","","",""
"subscription.usage","Usage","","","","","","",""
"subscription.limits","Plan Limits","","","","","","",""
"subscription.choose_your_plan","Choose Your Plan","","","","","","",""
"subscription.managePlan","Manage plan","","","","","","",""
"subscription.tiers.free","Free","","","","","","",""
"subscription.tiers.starter","Starter","","","","","","",""
"subscription.tiers.basic","Basic","","","","","","",""
"subscription.tiers.premium","Premium","","","","","","",""
"subscription.tiers.pro","Pro","","","","","","",""
"subscription.tiers.enterprise","Enterprise","","","","","","",""
"subscription.tierSource.caption","Source: {{source}}","","","","","","",""
"subscription.tierSource.organization","Organization plan","","","","","","",""
"subscription.tierSource.school_plan","School subscription","","","","","","",""
"subscription.tierSource.school_default","School default","","","","","","",""
"subscription.tierSource.user","User setting","","","","","","",""
"subscription.tierSource.unknown","Unknown","","","","","","",""
"lessons_create.title","Create Lesson","","","","","","",""
"lessons_create.default_title","New Lesson","","","","","","",""
"lessons_create.mode_manual","Manual","","","","","","",""
"lessons_create.mode_ai","AI","","","","","","",""
"lessons_create.access_restricted_title","Access Restricted","","","","","","",""
"lessons_create.access_restricted_desc","Your teacher seat is not active or you lack permission to create lessons. Please contact your administrator.","","","","","","",""
"lessons_create.ai_card_title","AI Lesson Generator","","","","","","",""
"lessons_create.ai_card_desc","Use the AI generator to draft a CAPS-aligned lesson.","","","","","","",""
"lessons_create.section_basics","Basics","","","","","","",""
"lessons_create.label_title","Title","","","","","","",""
"lessons_create.placeholder_title","Lesson title","","","","","","",""
"lessons_create.label_description","Description","","","","","","",""
"lessons_create.placeholder_description","Brief description","","","","","","",""
"lessons_create.section_category","Category","","","","","","",""
"lessons_create.section_settings","Settings","","","","","","",""
"lessons_create.label_duration","Duration (minutes)","","","","","","",""
"lessons_create.placeholder_duration","30","","","","","","",""
"lessons_create.label_complexity","Complexity","","","","","","",""
"lessons_create.complexity_simple","Simple","","","","","","",""
"lessons_create.complexity_moderate","Moderate","","","","","","",""
"lessons_create.complexity_complex","Complex","","","","","","",""
"lessons_create.save","Save Lesson","","","","","","",""
"ai_quota.loading_profile","Loading your profile...","","","","","","",""
"ai_quota.access_restricted_title","Access Restricted","","","","","","",""
"ai_quota.access_restricted_desc","You don't have permission to manage AI allocations.","","","","","","",""
"ai_quota.loading_data","Loading allocation data...","","","","","","",""
"ai_quota.failed_load_title","Failed to Load AI Data","","","","","","",""
"ai_quota.failed_load_desc","Unable to load allocation data.","","","","","","",""
"ai_quota.retry","Retry Loading","","","","","","",""
"updates.Restart App","Restart App","","","","","","",""
"updates.Restart Now","Restart Now","","","","","","",""
"updates.The app will restart to apply the update. Any unsaved changes will be lost.","The app will restart to apply the update. Any unsaved changes will be lost.","","","","","","",""
"empty.no_classes_title","No Classes Yet","","","","","","",""
"empty.no_classes_description","You haven't created any classes yet. Start by creating your first class to manage students and lessons.","","","","","","",""
"empty.create_first_class","Create First Class","","","","","","",""
"empty.no_assignments_title","No Assignments","","","","","","",""
"empty.no_assignments_description","No homework or assignments have been created yet. Create your first assignment to get started.","","","","","","",""
"empty.create_assignment","Create Assignment","","","","","","",""
"empty.no_students_title","No Students Enrolled","","","","","","",""
"empty.no_students_description","Your school doesn't have any students enrolled yet. Start by enrolling your first students.","","","","","","",""
"empty.enroll_first_student","Enroll First Student","","","","","","",""
"empty.no_teachers_title","No Teachers Yet","","","","","","",""
"empty.no_teachers_description","Your school doesn't have any teachers yet. Invite teaching staff to join your school.","","","","","","",""
"empty.invite_teacher","Invite Teacher","","","","","","",""
"empty.no_events_title","No Upcoming Events","","","","","","",""
"empty.no_events_description","No events are scheduled. Events will appear here when created.","","","","","","",""
"empty.create_event","Create Event","","","","","","",""
"empty.no_activity_title","No Recent Activity","","","","","","",""
"empty.no_activity_description","Recent school activity will appear here as it happens.","","","","","","",""
"empty.no_financial_data_title","No Financial Data","","","","","","",""
"empty.no_financial_data_description","Financial reports and revenue data will be shown here once available.","","","","","","",""
"empty.view_reports","View Reports","","","","","","",""
"dash_ai.assistant_name","Dash","","","","","","",""
"dash_ai.greeting","Hi! I'm Dash, your AI teaching assistant. How can I help you today?","","","","","","",""
"dash_ai.voice_greeting","Hello! Ready to work together?","","","","","","",""
"dash_ai.processing","Processing your request...","","","","","","",""
"dash_ai.recording","Recording... Release to send","","","","","","",""
"dash_ai.transcribing","Transcribing audio...","","","","","","",""
"dash_ai.error_no_response","I'm sorry, I'm having trouble processing that right now. Could you please try again?","","","","","","",""
"dash_ai.help_dashboard","I can help you switch between dashboard layouts, adjust preferences, or explore different views.","","","","","","",""
"dash_ai.layout_switched","Dashboard layout has been changed!","","","","","","",""
"dash_ai.welcome_message","Welcome! I'm here to help with teaching, dashboard management, and school administration.","","","","","","",""
"dash_ai.initializing","Initializing Dash...","","","","","","",""
"voice.recording.listening","Listening‚Ä¶","","","","","","",""
"voice.recording.transcribing","Transcribing‚Ä¶","","","","","","",""
"voice.recording.preview","Preview","","","","","","",""
"voice.recording.speak_clearly","üé§ Speak clearly into your microphone","","","","","","",""
"voice.recording.stop_recording_label","Stop recording","","","","","","",""
"voice.recording.stop_recording_hint_stream","Stops stream and finalizes transcript","","","","","","",""
"voice.recording.stop_recording_hint_file","Stops recording and transcribes your voice","","","","","","",""
"voice.recording.finalizing_stream","Finalizing stream...","","","","","","",""
"voice.recording.stopping_recording","Stopping recording...","","","","","","",""
"voice.recording.validating_audio","Validating audio...","","","","","","",""
"voice.recording.uploading_cloud","Uploading to cloud...","","","","","","",""
"voice.recording.transcribing_speech","Transcribing speech...","","","","","","",""
"voice.recording.done","Done!","","","","","","",""
"voice.recording.usually_takes_seconds","This usually takes a few seconds...","","","","","","",""
"voice.recording.edit_transcript_label","Edit transcript before sending:","","","","","","",""
"voice.recording.no_speech_detected","No speech detected.","","","","","","",""
"voice.recording.discard","Discard","","","","","","",""
"voice.recording.send","Send","","","","","","",""
"voice.recording.sending","Sending‚Ä¶","","","","","","",""
"voice.recording.something_wrong","Something went wrong","","","","","","",""
"voice.recording.try_again","Try Again","","","","","","",""
"voice.recording.failed_streaming","Failed to start realtime streaming","","","","","","",""
"voice.recording.recording_captured","Recording captured.","","","","","","",""
"voice.recording.failed_process","Failed to process voice recording","","","","","","",""
"voice.recording.failed_send","Failed to send message","","","","","","",""
"voice.recording.slide_up_lock","Slide up to lock","","","","","","",""
"voice.recording.thinking","Thinking...","","","","","","",""
"voice.recording.starting","Starting...","","","","","","",""
"voice.recording.hold_to_record","Hold to record ‚Ä¢ Slide up to lock","","","","","","",""
"voice.recording.recording_locked","Recording Locked","","","","","","",""
"voice.errors.failed_start","Failed to start recording","","","","","","",""
"voice.errors.failed_stop","Failed to stop/transcribe","","","","","","",""
"voice.errors.cancel_error","Cancel error","","","","","","",""
"voice.errors.send_error","Send error","","","","","","",""
"cache.management","Cache Management","","","","","","",""
"cache.health","Cache Health","","","","","","",""
"cache.statistics","Statistics","","","","","","",""
"cache.about","About Cache","","","","","","",""
"cache.clear","Clear","","","","","","",""
"cache.clearing","Clearing cache...","","","","","","",""
"cache.clear_personal","Clear Personal Cache","","","","","","",""
"cache.clear_personal_title","Clear Personal Cache","","","","","","",""
"cache.clear_personal_message","This will clear all cached data for your account. You may experience slower loading times until data is cached again.","","","","","","",""
"cache.clear_personal_desc","Clear cached data for your account only","","","","","","",""
"cache.personal_cleared","Personal cache cleared successfully","","","","","","",""
"cache.clear_school","Clear School Cache","","","","","","",""
"cache.clear_school_title","Clear School Cache","","","","","","",""
"cache.clear_school_message","This will clear all cached data for your entire school. All staff members will experience slower loading times until data is cached again. This action should only be performed if you are experiencing data synchronization issues.","","","","","","",""
"cache.clear_school_button","Clear School Cache","","","","","","",""
"cache.clear_school_desc","Clear cached data for entire school (Principal only)","","","","","","",""
"cache.school_cleared","School cache cleared successfully","","","","","","",""
"cache.clear_failed","Failed to clear cache","","","","","","",""
"cache.clear_school_failed","Failed to clear school cache","","","","","","",""
"cache.school_info_unavailable","School information not available","","","","","","",""
"cache.refresh_stats","Refresh Statistics","","","","","","",""
"cache.refresh_stats_desc","Reload cache statistics and health status","","","","","","",""
"cache.loading_stats","Loading cache statistics...","","","","","","",""
"cache.status_unknown","Unable to determine status","","","","","","",""
"cache.size_very_large","Cache size is very large","","","","","","",""
"cache.size_moderate","Cache size is moderate","","","","","","",""
"cache.efficiency_low","Low cache efficiency","","","","","","",""
"cache.operating_efficiently","Cache operating efficiently","","","","","","",""
"cache.total_size","Total Size","","","","","","",""
"cache.entries","Cache Entries","","","","","","",""
"cache.hit_rate","Hit Rate","","","","","","",""
"cache.last_updated","Last Updated","","","","","","",""
"cache.about_description","The offline cache stores dashboard data locally on your device for faster loading and offline access. Cache is automatically managed but can be cleared if you experience sync issues.","","","","","","",""
"cache.about_details","‚Ä¢ Cache expires automatically after 5-10 minutes
‚Ä¢ Data is encrypted and user-specific
‚Ä¢ Maximum cache size is limited to 10MB
‚Ä¢ Cache improves loading speeds by 60-90%","","","","","","",""
"invitation.validation_error","Validation Error","","","","","","",""
"invitation.duplicate_email","Duplicate Email","","","","","","",""
"invitation.duplicate_email_message","This email has already been added to the invitation list.","","","","","","",""
"invitation.parse_error","Parse Error","","","","","","",""
"invitation.parse_failed","Failed to parse CSV data","","","","","","",""
"invitation.no_valid_data","No Valid Data","","","","","","",""
"invitation.no_valid_data_message","No valid invitations found in the CSV data.","","","","","","",""
"invitation.invitations_added","{{count}} invitations added to the list.","","","","","","",""
"invitation.no_invitations","No Invitations","","","","","","",""
"invitation.add_one_invitation","Please add at least one invitation.","","","","","","",""
"invitation.send_failed","Failed to send invitation","","","","","","",""
"invitation.invitations_sent","Invitations Sent","","","","","","",""
"invitation.send_results","Successfully sent: {{success}}
Failed: {{failed}}","","","","","","",""
"invitation.error_valid_email","Please enter a valid email address","","","","","","",""
"invitation.error_valid_name","Please enter a valid name","","","","","","",""
"invitation.error_select_subject","Please select at least one subject","","","","","","",""
"invitation.error_select_grade","Please select at least one grade level","","","","","","",""
"invitation.error_select_student","Please select at least one student","","","","","","",""
"invitation.csv_headers_required","CSV must have headers and at least one data row","","","","","","",""
"invitation.csv_email_name_required","CSV must have ""email"" and ""name"" columns","","","","","","",""
"invitation.csv_parent_columns_required","CSV must have ""email"", ""name"", and ""student_name"" columns","","","","","","",""
"invitation.email_address","Email Address *","","","","","","",""
"invitation.email_placeholder","john.doe@example.com","","","","","","",""
"invitation.full_name","Full Name *","","","","","","",""
"invitation.name_placeholder","John Doe","","","","","","",""
"invitation.subjects","Subjects *","","","","","","",""
"invitation.grade_levels","Grade Levels *","","","","","","",""
"invitation.add_to_list","Add to Invitation List","","","","","","",""
"auth_comp.enter_email_password","Please enter both email and password","","","","","","",""
"auth_comp.login_successful","Login successful!","","","","","","",""
"auth_comp.login_failed","Login Failed","","","","","","",""
"auth_comp.sign_in_title","Sign In to EduDash Pro","","","","","","",""
"auth_comp.dismiss","Dismiss","","","","","","",""
"auth_comp.enter_email","Enter your email","","","","","","",""
"auth_comp.enter_password","Enter your password","","","","","","",""
"auth_comp.fill_all_fields","Please fill in all fields","","","","","","",""
"auth_comp.passwords_no_match","Passwords do not match","","","","","","",""
"auth_comp.registration_verify_email","Registration successful! Please check your email to verify your account.","","","","","","",""
"auth_comp.registration_success","Registration successful! You are now logged in.","","","","","","",""
"auth_comp.registration_failed","Registration Failed","","","","","","",""
"auth_comp.create_account","Create Your Account","","","","","","",""
"auth_comp.join_as_student","Join EduDash Pro as a student","","","","","","",""
"auth_comp.first_name_placeholder","First name","","","","","","",""
"auth_comp.last_name_placeholder","Last name","","","","","","",""
"auth_comp.create_password","Create a strong password","","","","","","",""
"auth_comp.password_requirements","Minimum 12 characters with uppercase, lowercase, numbers, and symbols","","","","","","",""
"auth_comp.confirm_password_placeholder","Confirm your password","","","","","","",""
"auth_comp.create_account_button","Create Account","","","","","","",""
"auth_comp.already_have_account","Already have an account?","","","","","","",""
"auth_comp.logout","Logout","","","","","","",""
"auth_comp.logout_confirm","Are you sure you want to logout?","","","","","","",""
"auth_comp.logout_success","Logged out successfully","","","","","","",""
"auth_comp.logout_failed","Failed to logout","","","","","","",""
"auth_comp.no_profile","No user profile found","","","","","","",""
"account.info.title","Account Information","","","","","","",""
"account.info.full_name","Full Name","","","","","","",""
"account.info.role","Role","","","","","","",""
"account.info.school_id","School ID","","","","","","",""
"account.edit.title","Edit Profile","","","","","","",""
"account.edit.personal_information","Personal Information","","","","","","",""
"account.placeholders.first_name","Enter your first name","","","","","","",""
"account.placeholders.last_name","Enter your last name","","","","","","",""
"dash.onboarding.welcome.title","Meet Dash","","","","","","",""
"dash.onboarding.welcome.subtitle","Your AI assistant for EduDash Pro. I can help you save time and personalize learning.","","","","","","",""
"dash.onboarding.welcome.start","Get Started","","","","","","",""
"dash.onboarding.welcome.skip","Skip for now","","","","","","",""
"dash.onboarding.roles.title","Tell me your role","","","","","","",""
"dash.onboarding.roles.subtitle","I'll personalize recommendations for you.","","","","","","",""
"dash.onboarding.roles.options.principal","Principal","","","","","","",""
"dash.onboarding.roles.options.teacher","Teacher","","","","","","",""
"dash.onboarding.roles.options.parent","Parent","","","","","","",""
"dash.onboarding.roles.options.admin","Administrator","","","","","","",""
"dash.onboarding.communication_style.title","Choose communication style","","","","","","",""
"dash.onboarding.communication_style.subtitle","How would you like Dash to communicate with you?","","","","","","",""
"dash.onboarding.communication_style.options.professional","Professional","","","","","","",""
"dash.onboarding.communication_style.options.casual","Casual","","","","","","",""
"dash.onboarding.communication_style.options.encouraging","Encouraging","","","","","","",""
"dash.onboarding.communication_style.options.formal","Formal","","","","","","",""
"dash.onboarding.features.title","Feature preferences","","","","","","",""
"dash.onboarding.features.subtitle","Enable what you want Dash to use proactively.","","","","","","",""
"dash.onboarding.features.options.voice","Voice responses","","","","","","",""
"dash.onboarding.features.options.proactiveHelp","Proactive suggestions","","","","","","",""
"dash.onboarding.features.options.memory","Remember preferences","","","","","","",""
"dash.onboarding.features.options.summaries","Auto summaries","","","","","","",""
"dash.onboarding.features.options.taskAssist","Task assistance","","","","","","",""
"dash.onboarding.voice_settings.title","Voice settings","","","","","","",""
"dash.onboarding.voice_settings.subtitle","Customize Dash's voice","","","","","","",""
"dash.onboarding.voice_settings.language","Language","","","","","","",""
"dash.onboarding.voice_settings.voiceType","Voice type","","","","","","",""
"dash.onboarding.voice_settings.rate","Speaking rate","","","","","","",""
"dash.onboarding.voice_settings.pitch","Pitch","","","","","","",""
"dash.onboarding.voice_settings.testVoice","Test voice","","","","","","",""
"dash.onboarding.voice_settings.voiceTypeOptions.female","Female","","","","","","",""
"dash.onboarding.voice_settings.voiceTypeOptions.male","Male","","","","","","",""
"dash.onboarding.voice_settings.voiceTypeOptions.neutral","Neutral","","","","","","",""
"dash.onboarding.voice_settings.languageOptions.en-ZA","English (South Africa)","","","","","","",""
"dash.onboarding.voice_settings.languageOptions.en-US","English (US)","","","","","","",""
"dash.onboarding.voice_settings.languageOptions.en-GB","English (UK)","","","","","","",""
"dash.onboarding.review.title","Review your setup","","","","","","",""
"dash.onboarding.review.subtitle","Confirm your preferences before finishing.","","","","","","",""
"dash.onboarding.review.finish","Complete Setup","","","","","","",""
"dash.onboarding.review.back","Back","","","","","","",""
"dash.onboarding.review.next","Next","","","","","","",""
"dash.onboarding.review.save","Save","","","","","","",""
"dash.onboarding.review.reset","Reset","","","","","","",""
"dash.onboarding.review.role","Role","","","","","","",""
"dash.onboarding.review.style","Communication style","","","","","","",""
"dash.onboarding.review.features","Features","","","","","","",""
"dash.onboarding.review.voice","Voice","","","","","","",""
"dash.onboarding.status.completed","Onboarding complete","","","","","","",""
"dash.onboarding.status.incomplete","Onboarding incomplete","","","","","","",""
"dash.onboarding.status.saving","Saving your preferences...","","","","","","",""
"dash.onboarding.status.success","Setup complete! Dash is ready to assist you.","","","","","","",""
"dash.onboarding.settings.resetSetup","Reset Dash Setup","","","","","","",""
"dash.onboarding.settings.resetSetupDescription","Clear your onboarding and start over","","","","","","",""
"dash.onboarding.settings.resetConfirm","Are you sure you want to reset Dash setup? This will clear all your personalization.","","","","","","",""
"dash.onboarding.errors.saveFailed","Failed to save preferences","","","","","","",""
"dash.onboarding.errors.loadFailed","Failed to load onboarding state","","","","","","",""
"actions.continue","Continue","","","","","","",""
"actions.next","Next","","","","","","",""
"actions.back","Back","","","","","","",""
"actions.finish","Finish","","","","","","",""
"actions.skip","Skip","","","","","","",""
"actions.save","Save","","","","","","",""
"actions.cancel","Cancel","","","","","","",""
"actions.confirm","Confirm","","","","","","",""
"actions.done","Done","","","","","","",""